,City,Lat,Lng,Max Temp,Humidity,Cloudiness,Wind Speed,Country,Date
1,hobart,-42.8794,147.3294,14.0,51.0,40.0,7.72,AU,1619341781.0
2,kharan,28.5833,65.4167,35.9,9.0,0.0,3.95,PK,1619341633.0
3,itarema,-2.9248,-39.9167,24.17,90.0,89.0,3.39,BR,1619341930.0
4,bredasdorp,-34.5322,20.0403,15.0,88.0,100.0,3.09,ZA,1619341664.0
6,ushuaia,-54.8,-68.3,8.0,71.0,0.0,5.14,AR,1619341244.0
7,katsuura,35.1333,140.3,20.0,49.0,40.0,3.6,JP,1619341930.0
8,davenda,53.5556,119.317,15.74,15.0,83.0,3.91,RU,1619341930.0
9,vaini,-21.2,-175.2,24.0,94.0,75.0,2.57,TO,1619341931.0
10,yar-sale,66.8333,70.8333,-0.01,98.0,100.0,4.0,RU,1619341931.0
11,kondopoga,62.2057,34.2614,7.0,87.0,90.0,3.0,RU,1619341638.0
12,egvekinot,66.3167,-179.1667,-4.26,92.0,95.0,1.0,RU,1619341931.0
14,yumen,40.2833,97.2,11.23,16.0,0.0,16.64,CN,1619341932.0
15,flinders,-34.5833,150.8552,15.56,77.0,38.0,0.45,AU,1619341932.0
16,punta arenas,-53.15,-70.9167,7.0,76.0,0.0,5.14,CL,1619341649.0
17,new norfolk,-42.7826,147.0587,13.89,74.0,80.0,1.34,AU,1619341932.0
18,pingliang,35.5392,106.6861,11.89,70.0,100.0,1.97,CN,1619341891.0
21,dongfeng,42.6403,125.5118,15.8,16.0,7.0,4.03,CN,1619341933.0
22,bengkulu,-3.8004,102.2655,28.95,69.0,39.0,3.55,ID,1619341770.0
24,isangel,-19.55,169.2667,25.25,77.0,96.0,4.58,VU,1619341933.0
25,kulhudhuffushi,6.6221,73.07,29.32,67.0,68.0,2.29,MV,1619341666.0
26,arraial do cabo,-22.9661,-42.0278,21.0,94.0,20.0,0.51,BR,1619341933.0
27,nalut,30.3333,10.85,22.42,30.0,0.0,6.09,LY,1619341934.0
28,jamestown,42.097,-79.2353,8.33,93.0,90.0,4.12,US,1619341934.0
29,okhotsk,59.3833,143.3,-2.69,64.0,70.0,0.92,RU,1619341934.0
30,mount gambier,-37.8333,140.7667,13.0,82.0,5.0,3.09,AU,1619341650.0
31,puerto ayora,-0.7393,-90.3518,23.61,91.0,100.0,3.16,EC,1619341934.0
32,bontang,0.1333,117.5,28.13,77.0,67.0,2.67,ID,1619341934.0
33,port alfred,-33.5906,26.891,25.69,34.0,38.0,3.86,ZA,1619341658.0
34,havre,49.5833,0.3333,10.0,57.0,0.0,8.23,FR,1619341935.0
35,qaanaaq,77.484,-69.3632,-5.6,71.0,23.0,3.85,GL,1619341935.0
36,eureka,40.8021,-124.1637,8.89,90.0,100.0,1.79,US,1619341935.0
37,sorong,-0.8833,131.25,27.92,78.0,100.0,4.05,ID,1619341647.0
38,kapaa,22.0752,-159.319,23.0,83.0,90.0,8.23,US,1619341935.0
39,kuala terengganu,5.3302,103.1408,33.0,70.0,40.0,2.06,MY,1619341935.0
40,nouakchott,18.0858,-15.9785,21.0,64.0,11.0,9.77,MR,1619341935.0
42,busselton,-33.65,115.3333,22.78,65.0,1.0,0.45,AU,1619341936.0
43,barrow,71.2906,-156.7887,-11.0,85.0,1.0,4.63,US,1619341936.0
44,kawalu,-7.3817,108.2082,27.66,69.0,87.0,1.51,ID,1619341936.0
45,bluff,-46.6,168.3333,6.11,83.0,86.0,1.79,NZ,1619341936.0
48,hareid,62.3714,6.0263,4.44,81.0,75.0,1.54,NO,1619341937.0
49,tura,25.5198,90.2201,37.79,12.0,0.0,2.9,IN,1619341653.0
50,manono,-7.3,27.4167,23.44,84.0,100.0,2.32,CD,1619341937.0
51,ponta do sol,32.6667,-17.1,15.0,87.0,52.0,2.68,PT,1619341937.0
53,pevek,69.7008,170.3133,-4.48,94.0,100.0,4.8,RU,1619341937.0
54,marshall,34.3834,-86.3333,13.33,76.0,90.0,6.17,US,1619341937.0
55,hamilton,39.1834,-84.5333,7.78,93.0,90.0,2.57,US,1619341665.0
56,marzuq,14.4,46.4667,32.26,16.0,1.0,4.2,YE,1619341938.0
57,georgetown,5.4112,100.3354,30.0,74.0,20.0,2.57,MY,1619341901.0
58,puerto colombia,10.9878,-74.9547,26.0,94.0,75.0,3.09,CO,1619341938.0
59,albany,42.6001,-73.9662,11.11,73.0,100.0,0.79,US,1619341938.0
60,yuxia,34.0615,108.6291,13.0,94.0,90.0,2.0,CN,1619341938.0
62,lavrentiya,65.5833,-171.0,-4.43,90.0,85.0,2.05,RU,1619341939.0
63,upernavik,72.7868,-56.1549,-4.41,75.0,4.0,3.48,GL,1619341939.0
64,ballina,-28.8667,153.5667,18.0,88.0,40.0,2.98,AU,1619341939.0
65,touros,-5.1989,-35.4608,23.0,94.0,40.0,2.06,BR,1619341940.0
66,hermanus,-34.4187,19.2345,20.56,71.0,100.0,0.89,ZA,1619341652.0
67,rikitea,-23.1203,-134.9692,25.69,76.0,95.0,5.08,PF,1619341940.0
68,den helder,52.9599,4.7593,7.78,61.0,90.0,5.14,NL,1619341940.0
71,pangnirtung,66.1451,-65.7125,-0.48,78.0,100.0,1.97,CA,1619341940.0
72,rocha,-34.4833,-54.3333,12.24,83.0,30.0,3.49,UY,1619341941.0
73,coquimbo,-29.9533,-71.3436,10.0,87.0,0.0,2.06,CL,1619341941.0
74,cherdyn,60.403,56.4787,6.33,83.0,100.0,4.89,RU,1619341941.0
75,novoagansk,61.9449,76.6625,3.71,95.0,100.0,1.73,RU,1619341941.0
76,atuona,-9.8,-139.0333,26.79,78.0,23.0,6.39,PF,1619341941.0
77,vardo,70.3705,31.1107,0.0,93.0,75.0,8.23,NO,1619341941.0
78,kaeo,-35.1,173.7833,11.11,86.0,41.0,0.89,NZ,1619341941.0
79,great falls,47.5002,-111.3008,2.0,100.0,90.0,1.54,US,1619341941.0
81,sao filipe,14.8961,-24.4956,22.51,69.0,43.0,4.48,CV,1619341665.0
82,husavik,66.0449,-17.3389,7.0,81.0,20.0,5.14,IS,1619341942.0
83,ucluelet,48.9329,-125.5528,7.78,90.0,100.0,1.56,CA,1619341942.0
84,chokurdakh,70.6333,147.9167,-12.42,88.0,48.0,3.87,RU,1619341942.0
86,saint-georges,12.0564,-61.7485,26.0,78.0,40.0,6.17,GD,1619341942.0
87,korla,41.7597,86.1469,14.16,23.0,100.0,0.91,CN,1619341943.0
88,natchitoches,31.7668,-93.1335,13.0,100.0,1.0,2.41,US,1619341943.0
89,lebyazhye,55.2689,66.4947,14.05,29.0,91.0,6.12,RU,1619341943.0
90,kutum,14.2,24.6667,33.02,10.0,8.0,7.81,SD,1619341943.0
91,mezen,65.8522,44.24,12.27,47.0,86.0,4.53,RU,1619341943.0
92,mandurah,-32.55,115.7,22.22,70.0,34.0,3.13,AU,1619341943.0
93,port blair,11.6667,92.75,30.0,62.0,43.0,1.85,IN,1619341943.0
94,tuktoyaktuk,69.4541,-133.0374,-6.98,93.0,84.0,5.59,CA,1619341944.0
95,clyde river,70.4692,-68.5914,-14.0,85.0,40.0,2.57,CA,1619341944.0
96,caravelas,-17.7125,-39.2481,21.41,94.0,5.0,1.59,BR,1619341944.0
97,maniwaki,46.3834,-75.966,1.0,93.0,13.0,1.06,CA,1619341944.0
98,butaritari,3.0707,172.7902,27.98,76.0,99.0,4.44,KI,1619341944.0
99,avarua,-21.2078,-159.775,22.0,94.0,75.0,4.63,CK,1619341944.0
100,roma,43.2128,-75.4557,11.0,58.0,90.0,1.54,US,1619341662.0
101,port-cartier,50.0334,-66.8654,1.67,86.0,34.0,2.06,CA,1619341944.0
102,arica,-18.475,-70.3042,15.0,67.0,0.0,3.09,CL,1619341649.0
103,guerrero negro,27.9769,-114.0611,13.67,91.0,12.0,4.87,MX,1619341945.0
104,chuy,-33.6971,-53.4616,14.56,87.0,54.0,3.78,UY,1619341665.0
105,pathardi,19.1667,75.1833,38.02,11.0,99.0,2.56,IN,1619341945.0
106,tasiilaq,65.6145,-37.6368,5.0,65.0,99.0,0.51,GL,1619341945.0
107,nome,64.5011,-165.4064,3.0,75.0,90.0,3.6,US,1619341945.0
108,dikson,73.5069,80.5464,-7.47,81.0,49.0,4.95,RU,1619341945.0
109,geraldton,-28.7667,114.6,27.0,41.0,97.0,7.72,AU,1619341651.0
110,bonanza,14.0289,-84.591,18.88,96.0,15.0,0.65,NI,1619341946.0
111,castro,-24.7911,-50.0119,14.51,83.0,100.0,1.11,BR,1619341946.0
112,ancud,-41.8697,-73.8203,10.0,100.0,90.0,1.53,CL,1619341946.0
113,kruisfontein,-34.0033,24.7314,25.56,53.0,87.0,0.45,ZA,1619341946.0
115,puerto escondido,15.85,-97.0667,26.24,82.0,100.0,1.19,MX,1619341947.0
116,tsiroanomandidy,-18.7667,46.0333,26.39,55.0,94.0,3.72,MG,1619341947.0
117,hithadhoo,-0.6,73.0833,28.81,67.0,28.0,3.59,MV,1619341947.0
118,virginia beach,36.8529,-75.978,17.78,96.0,100.0,1.79,US,1619341947.0
119,mataura,-46.1927,168.8643,6.11,83.0,68.0,1.79,NZ,1619341947.0
120,constitucion,-35.3333,-72.4167,12.74,65.0,0.0,2.39,CL,1619341948.0
121,esperance,-33.8667,121.9,28.0,24.0,5.0,2.57,AU,1619341948.0
122,ban nahin,18.2418,104.2122,37.78,44.0,100.0,0.65,LA,1619341948.0
123,springbok,-29.6643,17.8865,25.0,25.0,100.0,3.6,ZA,1619341664.0
124,bozoum,6.3193,16.3799,29.66,49.0,97.0,2.68,CF,1619341948.0
125,half moon bay,37.4636,-122.4286,12.0,93.0,75.0,2.06,US,1619341948.0
127,slave lake,55.2834,-114.769,-4.0,68.0,1.0,1.03,CA,1619341949.0
128,peqin,41.0461,19.7511,20.0,42.0,0.0,1.03,AL,1619341949.0
129,saint george,37.1041,-113.5841,18.0,24.0,1.0,5.14,US,1619341650.0
130,portland,45.5234,-122.6762,7.78,87.0,18.0,2.18,US,1619341751.0
131,cadillac,44.2519,-85.4012,0.0,86.0,90.0,5.66,US,1619341950.0
132,miramar,25.9873,-80.2323,25.56,88.0,1.0,2.57,US,1619341950.0
133,imbituba,-28.24,-48.6703,21.0,88.0,20.0,1.54,BR,1619341950.0
135,ribeira grande,38.5167,-28.7,15.0,72.0,40.0,3.09,PT,1619341950.0
137,vaxjo,56.8777,14.8091,5.0,45.0,90.0,6.17,SE,1619341951.0
138,raudeberg,61.9875,5.1352,5.0,48.0,40.0,4.12,NO,1619341951.0
139,luwuk,-0.9516,122.7875,27.96,79.0,75.0,1.9,ID,1619341951.0
140,hare bay,48.8499,-54.0148,0.0,93.0,5.0,3.09,CA,1619341951.0
141,antofagasta,-23.65,-70.4,13.0,76.0,0.0,1.54,CL,1619341951.0
143,port elizabeth,-33.918,25.5701,17.0,88.0,20.0,3.6,ZA,1619341951.0
144,yerbogachen,61.2767,108.0108,2.09,98.0,100.0,2.48,RU,1619341951.0
145,sibolga,1.7427,98.7792,29.01,68.0,41.0,1.92,ID,1619341952.0
146,tananger,58.9333,5.6,7.0,42.0,0.0,3.6,NO,1619341952.0
147,staroutkinsk,57.2302,59.3348,8.02,77.0,99.0,5.01,RU,1619341952.0
148,torbay,47.6666,-52.7314,1.67,93.0,20.0,5.66,CA,1619341952.0
149,wynyard,-41.0,145.7167,10.56,73.0,73.0,1.34,AU,1619341952.0
150,nautla,20.2167,-96.7833,24.12,88.0,15.0,3.39,MX,1619341952.0
151,bonavista,48.6499,-53.1147,1.67,93.0,5.0,3.09,CA,1619341953.0
152,kurchum,48.5722,83.6542,10.0,31.0,96.0,1.84,KZ,1619341953.0
154,cape town,-33.9258,18.4232,23.0,46.0,0.0,5.66,ZA,1619341780.0
155,filingue,14.3521,3.3168,34.75,30.0,54.0,6.31,NE,1619341953.0
156,meulaboh,4.1363,96.1285,29.43,64.0,100.0,2.48,ID,1619341953.0
157,iqaluit,63.7506,-68.5145,0.0,93.0,90.0,2.06,CA,1619341664.0
158,darnah,32.767,22.6367,18.07,79.0,4.0,8.94,LY,1619341954.0
159,taoudenni,22.6783,-3.9836,33.43,9.0,0.0,1.88,ML,1619341954.0
160,yellowknife,62.456,-114.3525,-17.0,66.0,20.0,1.54,CA,1619341954.0
161,trat,12.5,102.5,32.22,74.0,20.0,2.57,TH,1619341954.0
162,severobaykalsk,55.65,109.3167,2.8,85.0,100.0,0.69,RU,1619341954.0
163,east london,-33.0153,27.9116,26.0,41.0,0.0,1.54,ZA,1619341954.0
164,faanui,-16.4833,-151.75,26.85,66.0,87.0,1.0,PF,1619341954.0
165,longyearbyen,78.2186,15.6401,-4.0,80.0,75.0,0.51,SJ,1619341955.0
166,narsaq,60.9167,-46.05,11.0,32.0,90.0,9.26,GL,1619341955.0
167,wanaka,-44.7,169.15,6.11,65.0,5.0,0.89,NZ,1619341938.0
168,mahebourg,-20.4081,57.7,27.0,74.0,75.0,7.2,MU,1619341955.0
169,brownsville,25.9018,-97.4975,19.44,94.0,90.0,1.99,US,1619341955.0
170,khatanga,71.9667,102.5,-8.15,92.0,100.0,9.41,RU,1619341955.0
171,carnarvon,-24.8667,113.6333,27.0,65.0,0.0,5.66,AU,1619341955.0
173,kaitangata,-46.2817,169.8464,6.11,76.0,29.0,1.79,NZ,1619341956.0
174,mairana,-18.1167,-63.9333,10.98,97.0,100.0,1.51,BO,1619341956.0
175,hilo,19.7297,-155.09,21.0,83.0,20.0,2.57,US,1619341874.0
176,saskylakh,71.9167,114.0833,0.35,90.0,100.0,4.35,RU,1619341956.0
177,ningxiang,37.34,111.2052,9.39,76.0,100.0,2.05,CN,1619341956.0
178,daru,-9.0763,143.2092,25.95,80.0,30.0,2.7,PG,1619341956.0
179,norman wells,65.282,-126.8329,-2.0,59.0,20.0,3.09,CA,1619341956.0
180,nikolskoye,59.7035,30.7861,5.0,87.0,75.0,6.0,RU,1619341957.0
181,nioro,13.35,-15.75,26.26,32.0,6.0,3.82,GM,1619341957.0
182,kearney,40.6995,-99.0815,8.0,71.0,20.0,4.12,US,1619341957.0
183,cartagena del chaira,1.3349,-74.8429,21.95,99.0,85.0,0.49,CO,1619341957.0
184,sitka,57.0531,-135.33,7.0,49.0,20.0,2.13,US,1619341957.0
185,thompson,55.7435,-97.8558,-10.0,79.0,40.0,2.84,CA,1619341957.0
186,surt,31.2089,16.5887,18.35,66.0,100.0,6.01,LY,1619341957.0
187,saint-philippe,-21.3585,55.7679,29.44,61.0,40.0,13.38,RE,1619341958.0
188,galle,6.0367,80.217,29.77,68.0,57.0,4.61,LK,1619341672.0
189,minsk mazowiecki,52.1794,21.5725,10.56,36.0,0.0,3.09,PL,1619341958.0
190,hollins,37.3413,-79.9431,9.0,93.0,90.0,1.54,US,1619341958.0
192,victoria,22.2855,114.1577,25.0,86.0,89.0,0.89,HK,1619341937.0
193,lebu,-37.6167,-73.65,11.41,89.0,0.0,5.16,CL,1619341958.0
194,senador jose porfirio,-2.5908,-51.9542,23.41,97.0,100.0,0.61,BR,1619341959.0
195,basco,20.4487,121.9702,24.65,71.0,39.0,5.78,PH,1619341959.0
196,zhigansk,66.7697,123.3711,0.89,99.0,100.0,4.22,RU,1619341959.0
197,vestmannaeyjar,63.4427,-20.2734,6.0,93.0,90.0,8.23,IS,1619341959.0
198,souillac,-20.5167,57.5167,27.0,74.0,75.0,7.2,MU,1619341959.0
199,tambacounda,13.7539,-13.7586,26.0,41.0,18.0,2.06,SN,1619341959.0
200,tiksi,71.6872,128.8694,-0.33,93.0,99.0,3.42,RU,1619341959.0
201,clinton,42.587,-82.9199,10.0,100.0,90.0,2.57,US,1619341959.0
202,fort nelson,58.8053,-122.7002,-3.0,74.0,40.0,1.54,CA,1619341960.0
203,belmonte,-15.8631,-38.8828,22.0,88.0,0.0,2.57,BR,1619341960.0
204,cidreira,-30.1811,-50.2056,19.25,94.0,100.0,4.23,BR,1619341960.0
205,zapolyarnyy,69.4154,30.8136,1.0,80.0,75.0,8.75,RU,1619341960.0
206,lagoa,39.05,-27.9833,14.99,76.0,64.0,8.26,PT,1619341960.0
207,santiago,-33.4569,-70.6483,15.56,87.0,0.0,0.65,CL,1619341960.0
208,mar del plata,-38.0023,-57.5575,17.22,94.0,40.0,2.06,AR,1619341960.0
209,cherskiy,68.75,161.3,-12.15,88.0,42.0,3.18,RU,1619341961.0
210,chicama,-7.8447,-79.1469,19.29,85.0,97.0,1.94,PE,1619341961.0
211,mumbwa,-14.9783,27.0619,24.01,48.0,94.0,2.49,ZM,1619341961.0
212,klaksvik,62.2266,-6.589,9.0,87.0,92.0,3.6,FO,1619341961.0
214,chissamba,-12.1667,17.3333,21.0,60.0,0.0,2.57,AO,1619341961.0
215,cozumel,20.5083,-86.9458,26.0,78.0,20.0,2.57,MX,1619341961.0
216,talnakh,69.4865,88.3972,-8.64,81.0,99.0,4.99,RU,1619341962.0
217,fairbanks,64.8378,-147.7164,3.0,74.0,1.0,1.12,US,1619341866.0
218,takoradi,4.8845,-1.7554,25.11,81.0,100.0,4.22,GH,1619341962.0
219,ambon,-3.6954,128.1814,30.0,66.0,40.0,3.09,ID,1619341962.0
222,aguie,13.506,7.7786,31.0,42.0,0.0,4.63,NE,1619341962.0
223,atascocita,29.9988,-95.1766,17.78,82.0,1.0,2.57,US,1619341963.0
224,el rosario,24.2556,-107.1828,15.0,85.0,1.0,1.32,MX,1619341963.0
225,pontianak,-0.0333,109.3333,31.0,62.0,75.0,4.12,ID,1619341832.0
226,agadez,19.75,10.25,36.24,8.0,2.0,4.98,NE,1619341963.0
227,bestobe,52.4994,73.0975,15.42,20.0,90.0,8.15,KZ,1619341963.0
228,tuy hoa,13.0833,109.3,31.16,64.0,93.0,4.25,VN,1619341963.0
229,hambantota,6.1241,81.1185,33.0,75.0,40.0,3.09,LK,1619341963.0
230,santa helena de goias,-17.8136,-50.5969,17.49,54.0,97.0,1.11,BR,1619341964.0
231,eisiskes,54.1667,25.0,3.89,60.0,75.0,6.17,LT,1619341964.0
232,tuatapere,-46.1333,167.6833,6.11,83.0,77.0,1.79,NZ,1619341964.0
233,havre-saint-pierre,50.2334,-63.5986,0.0,86.0,1.0,3.6,CA,1619341964.0
234,cortes,41.9395,-1.4396,13.33,87.0,90.0,5.14,ES,1619341665.0
235,waddan,29.1614,16.139,20.11,43.0,11.0,4.54,LY,1619341964.0
236,provideniya,64.3833,-173.3,1.88,85.0,100.0,1.3,RU,1619341964.0
237,forrest city,35.0081,-90.7898,10.56,93.0,1.0,1.54,US,1619341965.0
238,gamba,-2.65,10.0,29.55,61.0,19.0,0.6,GA,1619341965.0
239,aksu,41.1231,80.2644,21.2,15.0,33.0,2.7,CN,1619341965.0
240,fortuna,40.5982,-124.1573,9.44,93.0,90.0,4.63,US,1619341965.0
241,san andres,12.5847,-81.7006,27.0,74.0,20.0,5.66,CO,1619341965.0
242,petrokamenskoye,57.716,60.6484,12.04,41.0,98.0,5.63,RU,1619341965.0
243,marion,39.7684,-86.1555,8.89,100.0,90.0,3.6,US,1619341965.0
244,charters towers,-20.1,146.2667,20.92,85.0,100.0,4.45,AU,1619341966.0
245,alizai,33.5383,70.3462,28.27,22.0,0.0,4.15,PK,1619341966.0
246,kijang,35.2442,129.2139,20.0,40.0,0.0,6.17,KR,1619341965.0
247,cabo san lucas,22.8909,-109.9124,20.56,65.0,44.0,2.68,MX,1619341833.0
248,sars,56.5502,57.1366,6.53,90.0,100.0,6.2,RU,1619341966.0
251,fukuma,33.7667,130.4667,18.0,55.0,20.0,8.75,JP,1619341967.0
252,bethel,41.3712,-73.414,10.0,81.0,90.0,1.6,US,1619341967.0
253,bang racham,14.892,100.3173,36.11,46.0,76.0,4.11,TH,1619341967.0
254,hervey bay,-25.2986,152.8535,21.11,73.0,0.0,1.34,AU,1619341967.0
255,brake,53.3333,8.4833,10.56,53.0,60.0,4.92,DE,1619341968.0
256,khandyga,62.6667,135.6,-2.04,86.0,100.0,1.57,RU,1619341968.0
257,kodiak,57.79,-152.4072,4.0,87.0,90.0,3.09,US,1619341968.0
258,lewiston,44.1003,-70.2148,5.56,87.0,1.0,1.54,US,1619341968.0
260,mamallapuram,12.6264,80.1722,34.0,59.0,20.0,5.14,IN,1619341968.0
261,vila velha,-20.3297,-40.2925,22.0,94.0,20.0,1.7,BR,1619341968.0
262,avera,33.194,-82.5271,15.0,90.0,1.0,3.09,US,1619341969.0
264,maiduguri,11.8464,13.1603,34.59,36.0,92.0,4.38,NG,1619341918.0
266,porto nacional,-10.7081,-48.4172,24.0,94.0,75.0,1.54,BR,1619341970.0
267,camocim,-2.9022,-40.8411,23.86,94.0,94.0,3.69,BR,1619341970.0
268,zambezi,-13.5432,23.1047,24.85,55.0,85.0,3.04,ZM,1619341970.0
269,jedburgh,55.48,-2.552,7.78,83.0,100.0,0.92,GB,1619341970.0
270,asau,46.4333,26.4,11.67,41.0,87.0,1.85,RO,1619341971.0
271,necochea,-38.5473,-58.7368,14.44,88.0,85.0,0.45,AR,1619341971.0
272,henties bay,-22.116,14.2845,16.67,92.0,0.0,3.13,NA,1619341971.0
274,deputatskiy,69.3,139.9,-5.33,84.0,100.0,4.7,RU,1619341972.0
275,wuwei,37.9281,102.6414,17.01,28.0,100.0,6.24,CN,1619341810.0
276,margate,51.3813,1.3862,8.33,57.0,92.0,1.34,GB,1619341972.0
277,dalbandin,28.8947,64.4101,35.9,4.0,0.0,4.54,PK,1619341972.0
278,tete,-16.1564,33.5867,29.0,30.0,20.0,3.09,MZ,1619341972.0
279,yenagoa,4.9247,6.2642,30.67,61.0,97.0,2.83,NG,1619341767.0
280,tari,12.4086,4.4914,32.99,40.0,92.0,4.7,NG,1619341972.0
281,ahipara,-35.1667,173.1667,14.11,68.0,63.0,2.7,NZ,1619341972.0
282,weligama,5.9667,80.4167,30.18,67.0,71.0,4.27,LK,1619341973.0
283,salalah,17.0151,54.0924,31.0,62.0,20.0,6.17,OM,1619341973.0
284,beringovskiy,63.05,179.3167,0.31,88.0,100.0,1.03,RU,1619341973.0
285,springdale,36.1867,-94.1288,7.0,100.0,1.0,1.97,US,1619341973.0
286,maniitsoq,65.4167,-52.9,2.75,68.0,88.0,3.96,GL,1619341973.0
287,thinadhoo,0.5333,72.9333,28.61,65.0,24.0,3.4,MV,1619341973.0
288,savannah bight,16.45,-85.85,26.67,85.0,100.0,2.24,HN,1619341973.0
289,alofi,-19.0595,-169.9187,23.0,100.0,68.0,0.51,NU,1619341974.0
290,korem,12.5058,39.5228,20.65,39.0,87.0,4.0,ET,1619341974.0
291,indianapolis,39.7684,-86.158,8.89,100.0,90.0,3.6,US,1619341887.0
292,palmer,42.1584,-72.3287,10.56,81.0,90.0,1.47,US,1619341974.0
293,karratha,-20.7377,116.8463,29.45,39.0,0.0,6.25,AU,1619341861.0
294,beian,63.6559,9.5683,4.0,70.0,75.0,7.2,NO,1619341974.0
295,namibe,-15.1961,12.1522,28.0,74.0,40.0,4.12,AO,1619341974.0
296,vao,-22.6667,167.4833,22.96,75.0,100.0,2.65,NC,1619341975.0
297,jiexiu,37.0244,111.9125,13.3,65.0,100.0,0.94,CN,1619341975.0
298,itanhandu,-22.2958,-44.9347,12.22,89.0,69.0,0.52,BR,1619341975.0
299,praya,14.9215,-23.5087,22.0,73.0,20.0,8.23,CV,1619341975.0
300,yarim,14.298,44.3779,21.32,26.0,37.0,2.65,YE,1619341975.0
301,petropavlovsk-kamchatskiy,53.0452,158.6483,3.0,93.0,75.0,3.0,RU,1619341975.0
302,rincon,32.296,-81.2354,18.0,94.0,90.0,4.12,US,1619341975.0
303,san quintin,30.4833,-115.95,7.22,9.0,60.0,4.47,MX,1619341976.0
304,sorland,67.667,12.6934,4.0,48.0,40.0,2.06,NO,1619341976.0
305,saint-pierre,-21.3393,55.4781,30.0,62.0,0.0,12.35,RE,1619341704.0
306,camacha,33.0833,-16.3333,18.0,72.0,40.0,6.17,PT,1619341976.0
307,pilar,-9.5972,-35.9567,23.0,94.0,20.0,1.54,BR,1619341976.0
308,kashan,33.9831,51.4364,29.65,21.0,37.0,2.92,IR,1619341976.0
309,lamu,-2.2717,40.902,30.21,63.0,63.0,3.97,KE,1619341976.0
310,forestville,38.8451,-76.875,10.56,87.0,90.0,4.63,US,1619341976.0
311,juneau,58.3019,-134.4197,6.67,75.0,1.0,3.03,US,1619341977.0
312,general pico,-35.6566,-63.7568,8.52,65.0,0.0,2.0,AR,1619341977.0
313,carutapera,-1.195,-46.02,24.56,92.0,97.0,2.01,BR,1619341977.0
315,mhlambanyatsi,-26.45,31.0167,20.7,37.0,0.0,2.17,SZ,1619341978.0
317,pokrovsk,48.282,37.1758,10.38,35.0,35.0,4.16,UA,1619341978.0
318,owando,-0.4819,15.8999,30.06,52.0,95.0,1.19,CG,1619341978.0
319,rockhampton,-23.3833,150.5,22.0,60.0,19.0,2.57,AU,1619341978.0
320,ambulu,-8.345,113.6058,27.77,79.0,8.0,2.47,ID,1619341978.0
321,tarboro,35.8968,-77.5358,17.0,94.0,90.0,1.54,US,1619341978.0
322,christchurch,-43.5333,172.6333,11.67,76.0,40.0,6.69,NZ,1619341819.0
323,kjollefjord,70.9457,27.3465,0.19,60.0,99.0,5.45,NO,1619341979.0
324,coxim,-18.5067,-54.76,19.58,67.0,80.0,2.07,BR,1619341979.0
326,csanadpalota,46.25,20.7333,15.0,41.0,0.0,1.54,HU,1619341979.0
327,cayenne,4.9333,-52.3333,26.11,94.0,75.0,4.55,GF,1619341979.0
328,nabire,-3.3667,135.4833,24.5,93.0,97.0,2.34,ID,1619341980.0
330,richards bay,-28.783,32.0377,23.8,70.0,21.0,4.82,ZA,1619341981.0
331,dubbo,-32.25,148.6167,14.0,54.0,2.0,3.6,AU,1619341680.0
333,srednekolymsk,67.45,153.6833,-10.18,84.0,88.0,0.99,RU,1619341982.0
334,bathsheba,13.2167,-59.5167,26.0,61.0,40.0,7.72,BB,1619341982.0
335,marsabit,2.3284,37.9899,24.17,57.0,50.0,7.4,KE,1619341982.0
336,cap malheureux,-19.9842,57.6142,27.22,74.0,100.0,4.02,MU,1619341982.0
337,boyolangu,-8.1181,111.8935,27.51,77.0,92.0,3.15,ID,1619341982.0
338,vyazemskiy,47.5378,134.7525,7.42,27.0,90.0,1.88,RU,1619341982.0
340,santiago de cao,-7.9589,-79.2392,18.4,90.0,99.0,3.9,PE,1619341982.0
341,ilulissat,69.2167,-51.1,8.0,42.0,0.0,12.86,GL,1619341983.0
342,kenora,49.8167,-94.4337,-1.0,69.0,40.0,4.12,CA,1619341983.0
343,airai,-8.9266,125.4092,17.3,78.0,89.0,1.55,TL,1619341983.0
344,bischwiller,48.7659,7.8583,13.33,58.0,0.0,6.69,FR,1619341983.0
345,comodoro rivadavia,-45.8667,-67.5,7.0,93.0,0.0,1.54,AR,1619341983.0
346,jaisalmer,26.9147,70.9181,37.84,7.0,0.0,0.63,IN,1619341983.0
347,puerto leguizamo,-0.1934,-74.7819,21.81,98.0,68.0,0.56,CO,1619341983.0
348,ewa beach,21.3156,-158.0072,24.0,68.0,40.0,1.54,US,1619341984.0
349,lompoc,34.6391,-120.4579,6.0,87.0,78.0,2.09,US,1619341984.0
350,padang,-0.9492,100.3543,31.0,66.0,40.0,3.09,ID,1619341984.0
351,nouadhibou,20.931,-17.0347,20.0,83.0,0.0,8.75,MR,1619341984.0
352,malayal,7.208,121.942,31.0,70.0,40.0,5.14,PH,1619341984.0
353,catanzaro,38.8908,16.5987,17.0,82.0,20.0,4.63,IT,1619341984.0
354,kichera,55.9375,110.0997,4.53,93.0,100.0,1.22,RU,1619341984.0
355,namatanai,-3.6667,152.4333,27.16,79.0,100.0,2.67,PG,1619341985.0
356,barcelona,41.3888,2.159,16.11,63.0,20.0,5.66,ES,1619341985.0
357,minnedosa,50.2453,-99.8436,-4.0,63.0,20.0,3.6,CA,1619341985.0
358,letlhakane,-21.4167,25.5833,27.7,18.0,3.0,3.22,BW,1619341985.0
359,raymond,43.9015,-70.4703,6.67,87.0,1.0,1.54,US,1619341985.0
360,atasu,48.6814,71.6433,15.86,21.0,67.0,6.64,KZ,1619341985.0
361,nyurba,63.2842,118.3319,4.12,89.0,100.0,3.11,RU,1619341985.0
362,ugoofaaru,5.6667,73.0,29.27,68.0,83.0,2.39,MV,1619341986.0
363,eslov,55.8393,13.3039,8.33,47.0,0.0,2.68,SE,1619341986.0
364,middle island,40.8843,-72.9373,10.0,93.0,90.0,3.11,US,1619341986.0
365,pokosnoye,55.5258,101.0536,5.29,62.0,96.0,4.09,RU,1619341986.0
366,russell,32.3502,-85.1999,14.0,88.0,1.0,4.12,US,1619341986.0
367,adrar,20.5022,-10.0711,28.44,15.0,1.0,3.64,MR,1619341986.0
368,tiznit,29.5833,-9.5,15.8,56.0,0.0,1.89,MA,1619341986.0
369,montepuez,-13.1256,38.9997,22.59,83.0,100.0,1.87,MZ,1619341987.0
370,isiro,2.7739,27.616,22.82,93.0,100.0,1.07,CD,1619341987.0
371,la asuncion,11.0333,-63.8628,25.0,88.0,20.0,7.72,VE,1619341987.0
372,xambioa,-6.4111,-48.5364,22.15,97.0,100.0,0.99,BR,1619341987.0
373,bambous virieux,-20.3428,57.7575,27.22,74.0,75.0,7.2,MU,1619341987.0
374,tunyogmatolcs,47.9667,22.4667,14.0,47.0,20.0,1.03,HU,1619341987.0
375,placer,39.0666,-120.7677,7.22,84.0,100.0,0.89,US,1619341987.0
376,igarka,67.4667,86.5833,-5.1,74.0,11.0,7.64,RU,1619341988.0
377,moshi,-3.35,37.3333,25.0,73.0,75.0,1.59,TZ,1619341988.0
379,port-gentil,-0.7193,8.7815,30.0,74.0,40.0,2.57,GA,1619341988.0
380,vysokogornyy,50.1167,139.15,-2.86,78.0,100.0,2.24,RU,1619341988.0
381,vanimo,-2.6741,141.3028,24.86,89.0,100.0,2.16,PG,1619341988.0
382,graciano sanchez,23.9167,-99.2833,21.64,47.0,29.0,1.51,MX,1619341988.0
383,mahon,39.8885,4.2658,18.0,68.0,0.0,7.2,ES,1619341989.0
384,snezhnogorsk,69.1933,33.2531,1.0,93.0,75.0,4.0,RU,1619341989.0
386,kavieng,-2.5744,150.7967,28.22,76.0,67.0,4.38,PG,1619341989.0
387,jalu,29.0331,21.5482,22.9,38.0,0.0,8.67,LY,1619341989.0
388,doha,25.2867,51.5333,40.0,16.0,45.0,2.06,QA,1619341989.0
390,sharjah,25.3573,55.4033,36.0,19.0,0.0,6.17,AE,1619341990.0
391,bac lieu,9.285,105.7244,30.87,63.0,78.0,6.15,VN,1619341990.0
392,nuuk,64.1835,-51.7216,2.78,80.0,75.0,3.6,GL,1619341990.0
393,marsh harbour,26.5412,-77.0636,24.57,85.0,0.0,7.06,BS,1619341991.0
394,lakes entrance,-37.8811,147.981,12.22,79.0,3.0,3.17,AU,1619341991.0
395,san cristobal,7.7669,-72.225,19.38,76.0,49.0,0.72,VE,1619341991.0
396,guangshui,31.6199,113.9978,15.53,80.0,100.0,3.65,CN,1619341991.0
397,anadyr,64.75,177.4833,-1.0,100.0,40.0,2.0,RU,1619341991.0
398,sassandra,4.95,-6.0833,27.16,82.0,100.0,1.71,CI,1619341991.0
399,pisco,-13.7,-76.2167,17.22,88.0,0.0,1.54,PE,1619341991.0
400,burnie,-41.0667,145.9167,10.56,73.0,87.0,1.34,AU,1619341991.0
402,salinopolis,-0.6136,-47.3561,25.75,86.0,82.0,3.33,BR,1619341992.0
403,sobolevo,54.4299,31.8996,5.37,44.0,76.0,6.99,RU,1619341992.0
404,letka,59.6011,49.4232,4.65,96.0,100.0,5.0,RU,1619341992.0
405,aklavik,68.2191,-135.0107,-5.0,93.0,20.0,3.6,CA,1619341992.0
406,bud,39.447,-86.1758,7.78,97.0,13.0,4.11,US,1619341992.0
407,farsund,58.0948,6.8047,7.78,51.0,0.0,2.51,NO,1619341992.0
408,angoche,-16.2325,39.9086,27.31,72.0,79.0,3.08,MZ,1619341993.0
409,lunino,53.5918,45.2271,8.89,24.0,71.0,9.84,RU,1619341993.0
410,saint-augustin,51.226,-58.6502,1.23,82.0,100.0,3.05,CA,1619341993.0
411,roald,62.5833,6.1333,4.0,81.0,75.0,1.54,NO,1619341993.0
412,lasa,46.6166,10.7002,17.22,71.0,40.0,2.06,IT,1619341993.0
413,redlands,34.0556,-117.1825,14.0,72.0,90.0,1.54,US,1619341994.0
415,ixtapa,20.7,-105.2,23.89,81.0,100.0,0.89,MX,1619341994.0
416,anloga,5.7947,0.8973,28.0,83.0,20.0,1.54,GH,1619341994.0
417,sheffield,53.383,-1.4659,9.44,70.0,46.0,1.34,GB,1619341994.0
418,inirida,3.8653,-67.9239,23.44,92.0,96.0,0.94,CO,1619341994.0
419,dingle,10.9995,122.6711,29.33,67.0,54.0,3.0,PH,1619341994.0
420,matara,5.9485,80.5353,30.29,66.0,77.0,4.31,LK,1619341768.0
421,kainantu,-6.2887,145.8655,16.79,97.0,89.0,0.68,PG,1619341995.0
422,hibbing,47.4272,-92.9377,-9.0,86.0,1.0,0.3,US,1619341995.0
423,pundaguitan,6.3711,126.1689,29.0,74.0,66.0,4.65,PH,1619341995.0
424,tevaitoa,-16.7833,-151.5,26.75,66.0,21.0,0.6,PF,1619341995.0
425,nola,40.922,14.5329,19.44,34.0,0.0,2.57,IT,1619341995.0
426,terrace,54.5163,-128.6035,6.0,52.0,1.0,4.63,CA,1619341995.0
427,grand gaube,-20.0064,57.6608,27.22,74.0,100.0,4.02,MU,1619341995.0
428,auki,-8.7676,160.7034,26.17,83.0,85.0,0.81,SB,1619341996.0
429,abu dhabi,24.4667,54.3667,42.0,9.0,0.0,3.09,AE,1619341715.0
430,batemans bay,-35.7167,150.1833,13.33,82.0,10.0,0.89,AU,1619341996.0
431,tucurui,-3.7661,-49.6725,22.31,98.0,91.0,0.81,BR,1619341996.0
432,turayf,31.6725,38.6637,32.0,17.0,40.0,6.17,SA,1619341996.0
433,manzil salim,35.8567,8.4765,16.0,51.0,0.0,4.12,TN,1619341996.0
434,tigil,57.8,158.6667,-0.82,90.0,100.0,4.07,RU,1619341996.0
435,sao jose da coroa grande,-8.8978,-35.1478,24.49,82.0,16.0,0.45,BR,1619341997.0
436,malakal,9.5334,31.6605,35.78,30.0,100.0,2.57,SS,1619341997.0
437,la ronge,55.1001,-105.2842,-5.0,79.0,81.0,1.54,CA,1619341997.0
439,san policarpo,12.1791,125.5072,26.27,82.0,58.0,4.19,PH,1619341998.0
440,goderich,43.7501,-81.7165,7.0,87.0,100.0,3.6,CA,1619341998.0
441,saldanha,-33.0117,17.9442,20.0,64.0,100.0,5.14,ZA,1619341998.0
442,turbat,26.0023,63.044,39.27,18.0,5.0,4.27,PK,1619341998.0
443,progreso,21.2833,-89.6667,25.0,83.0,40.0,3.6,MX,1619341998.0
444,oistins,13.0667,-59.5333,26.0,61.0,40.0,7.72,BB,1619341998.0
445,kupang,-10.1667,123.5833,26.77,64.0,91.0,5.56,ID,1619341846.0
446,lazaro cardenas,17.9583,-102.2,23.22,85.0,72.0,1.93,MX,1619341999.0
447,bubaque,11.2833,-15.8333,25.28,53.0,75.0,3.57,GW,1619341999.0
448,reforma,18.1,-91.0167,24.29,64.0,66.0,3.19,MX,1619341999.0
449,grindavik,63.8424,-22.4338,7.0,93.0,75.0,5.66,IS,1619341999.0
450,high wycombe,51.6291,-0.7493,10.0,63.0,12.0,0.89,GB,1619341999.0
451,cabinda,-5.55,12.2,29.0,79.0,20.0,2.06,AO,1619341999.0
452,tolaga bay,-38.3667,178.3,12.38,73.0,1.0,1.95,NZ,1619341999.0
453,kaiyuan,23.6977,103.3037,33.68,21.0,20.0,5.15,CN,1619342000.0
454,dudinka,69.4058,86.1778,-8.05,89.0,66.0,4.26,RU,1619342000.0
455,leningradskiy,69.3833,178.4167,-6.55,88.0,65.0,1.49,RU,1619342000.0
456,manokwari,-0.8667,134.0833,25.99,81.0,100.0,0.43,ID,1619342000.0
457,acapulco,16.8634,-99.8901,25.13,69.0,92.0,1.32,MX,1619342000.0
458,hastings,50.8552,0.5729,10.0,66.0,75.0,10.29,GB,1619342000.0
459,curup,-3.4667,102.5333,24.53,88.0,94.0,1.21,ID,1619342000.0
461,williston,48.147,-103.618,4.44,49.0,99.0,0.89,US,1619342001.0
462,honggang,46.4667,124.8667,15.41,18.0,13.0,3.2,CN,1619342001.0
464,gilgit,35.9221,74.3087,17.89,22.0,8.0,0.59,PK,1619342001.0
465,dzilam gonzalez,21.2833,-88.9333,22.73,89.0,35.0,2.8,MX,1619342001.0
466,los llanos de aridane,28.6585,-17.9182,22.0,53.0,20.0,2.06,ES,1619342001.0
467,port hardy,50.6996,-127.4199,8.0,93.0,90.0,1.54,CA,1619342002.0
468,libourne,44.9167,-0.25,17.78,48.0,0.0,3.6,FR,1619342002.0
470,bucerias,20.75,-105.3333,23.89,81.0,100.0,1.47,MX,1619342002.0
471,olafsvik,64.8945,-23.7142,5.49,96.0,100.0,2.81,IS,1619342002.0
472,erenhot,43.6475,111.9767,14.76,53.0,100.0,11.36,CN,1619342003.0
473,pacific grove,36.6177,-121.9166,12.22,88.0,100.0,2.23,US,1619342003.0
474,kisangani,0.5167,25.2,24.0,88.0,90.0,2.06,CD,1619342003.0
475,vila franca do campo,37.7167,-25.4333,15.0,77.0,40.0,5.66,PT,1619342003.0
476,businga,3.3333,20.8833,24.46,87.0,100.0,1.33,CD,1619342003.0
477,mankono,8.0586,-6.1897,24.84,80.0,100.0,0.56,CI,1619342003.0
478,ventspils,57.3894,21.5606,3.0,93.0,40.0,8.75,LV,1619342003.0
479,porto novo,6.4965,2.6036,28.0,83.0,20.0,2.06,BJ,1619342004.0
480,toledo,39.8333,-4.0,14.44,61.0,100.0,7.03,ES,1619342004.0
481,severo-kurilsk,50.6789,156.125,0.74,86.0,100.0,3.81,RU,1619342004.0
482,saravan,39.7196,45.6483,28.0,20.0,20.0,2.06,AM,1619342004.0
483,mae hong son,19.3003,97.9685,39.0,37.0,20.0,2.06,TH,1619342004.0
484,zyryanka,65.75,150.85,-8.13,83.0,51.0,2.24,RU,1619342004.0
485,meadow lake,34.8014,-106.5436,11.67,24.0,20.0,2.06,US,1619341934.0
487,chapais,49.7834,-74.8492,-3.0,93.0,90.0,2.06,CA,1619342005.0
488,avallon,47.4833,3.9,13.74,65.0,10.0,5.78,FR,1619342005.0
489,lorengau,-2.0226,147.2712,27.64,74.0,98.0,0.51,PG,1619342005.0
491,paamiut,61.994,-49.6678,3.37,83.0,79.0,1.66,GL,1619342005.0
492,ledyard,41.4398,-72.0142,10.0,87.0,90.0,1.54,US,1619342005.0
493,riyadh,24.6877,46.7219,37.0,6.0,0.0,5.14,SA,1619342006.0
494,bereznik,62.8551,42.7072,7.48,80.0,100.0,3.22,RU,1619342006.0
495,palembang,-2.9167,104.7458,33.0,58.0,75.0,2.57,ID,1619341904.0
496,hay river,60.8156,-115.7999,-9.0,85.0,90.0,3.6,CA,1619342006.0
497,conceicao do araguaia,-8.2578,-49.2647,24.0,100.0,0.0,2.57,BR,1619342006.0
499,peleduy,59.6289,112.7406,1.82,98.0,100.0,3.43,RU,1619342007.0
501,hofn,64.2539,-15.2082,7.6,82.0,100.0,0.93,IS,1619342008.0
502,the valley,18.217,-63.0578,26.0,69.0,20.0,5.14,AI,1619342008.0
503,darlowo,54.421,16.4107,6.11,59.0,6.0,6.45,PL,1619342008.0
504,marialva,-23.485,-51.7917,20.0,68.0,0.0,1.52,BR,1619342008.0
506,muros,42.7762,-9.0603,13.33,95.0,97.0,0.45,ES,1619342009.0
507,coihaique,-45.5752,-72.0662,6.89,92.0,100.0,2.23,CL,1619342009.0
508,kysyl-syr,63.8986,122.7617,1.3,100.0,100.0,1.72,RU,1619342009.0
509,sola,-13.8833,167.55,28.16,77.0,99.0,6.3,VU,1619342010.0
510,natchez,31.5604,-91.4032,15.0,82.0,1.0,3.09,US,1619342010.0
511,oktyabrskoye,43.0645,44.7417,12.0,82.0,90.0,4.0,RU,1619342010.0
512,san patricio,28.017,-97.5169,19.44,82.0,1.0,2.57,US,1619342010.0
513,camana,-16.6228,-72.7111,18.79,89.0,60.0,4.05,PE,1619342010.0
514,atar,20.5169,-13.0499,25.91,30.0,0.0,5.96,MR,1619342010.0
515,zhuhai,22.2769,113.5678,28.89,88.0,40.0,7.2,CN,1619341761.0
516,punta de bombon,-17.1717,-71.7931,18.94,84.0,100.0,3.67,PE,1619342010.0
517,south venice,27.0531,-82.4243,25.0,94.0,40.0,5.66,US,1619342011.0
518,kunyang,27.6658,120.5658,18.2,76.0,96.0,1.66,CN,1619342011.0
519,kavaratti,10.5669,72.642,29.42,67.0,9.0,3.21,IN,1619342011.0
520,bilibino,68.0546,166.4372,-6.67,95.0,100.0,1.15,RU,1619342011.0
521,udachnyy,66.4167,112.4,1.01,94.0,100.0,6.0,RU,1619342011.0
522,jizan,17.3333,42.6667,34.0,52.0,7.0,4.12,SA,1619342011.0
523,atkinson,42.8384,-71.147,10.0,61.0,1.0,1.06,US,1619342011.0
524,naze,28.3667,129.4833,23.0,60.0,40.0,5.66,JP,1619341787.0
525,quelimane,-17.8786,36.8883,29.0,65.0,40.0,2.06,MZ,1619342012.0
526,rawlins,41.7911,-107.2387,6.67,52.0,1.0,4.63,US,1619342012.0
527,union,40.6334,-74.2663,10.0,87.0,90.0,2.58,US,1619342012.0
528,sambava,-14.2667,50.1667,24.12,92.0,100.0,3.68,MG,1619342012.0
529,simbahan,6.3032,120.5836,28.98,69.0,26.0,2.47,PH,1619342012.0
530,santa rosa,14.3122,121.1114,32.78,51.0,81.0,0.89,PH,1619342012.0
531,lethem,3.3803,-59.7968,23.33,93.0,100.0,3.31,GY,1619342013.0
532,cabra,37.4725,-4.4421,16.11,81.0,100.0,1.01,ES,1619342013.0
533,mpwapwa,-6.35,36.4833,23.49,77.0,90.0,3.46,TZ,1619342013.0
534,batagay,67.6333,134.6333,-0.22,94.0,100.0,0.77,RU,1619342013.0
535,lata,40.1629,-8.3327,15.0,93.0,96.0,0.89,PT,1619342013.0
536,port hedland,-20.3167,118.5667,29.0,54.0,0.0,5.14,AU,1619342013.0
537,tucuma,-0.1833,-50.05,24.08,93.0,100.0,1.68,BR,1619342013.0
538,kirakira,-10.4544,161.9205,26.94,83.0,96.0,2.49,SB,1619342014.0
539,tabuk,17.4189,121.4443,27.06,62.0,51.0,6.29,PH,1619342014.0
540,tasnad,47.4833,22.5833,14.0,47.0,20.0,1.03,RO,1619342014.0
541,terra roxa,-23.8557,-50.0314,16.42,68.0,100.0,1.04,BR,1619342014.0
542,oksfjord,70.2396,22.3479,2.0,55.0,0.0,5.14,NO,1619342014.0
543,itupiranga,-5.1347,-49.3267,25.0,97.0,75.0,1.03,BR,1619342014.0
545,gimli,50.6336,-96.9907,1.0,37.0,81.0,3.6,CA,1619342015.0
546,yarmouth,41.7057,-70.2286,10.0,81.0,75.0,4.12,US,1619342015.0
547,kununurra,-15.7667,128.7333,31.0,22.0,32.0,3.6,AU,1619342015.0
549,hasaki,35.7333,140.8333,18.0,63.0,75.0,6.17,JP,1619342016.0
550,luanda,-8.8368,13.2343,30.0,70.0,20.0,3.6,AO,1619342016.0
551,tecoanapa,16.5167,-98.75,25.47,79.0,99.0,0.84,MX,1619342016.0
552,north bend,43.4065,-124.2243,8.0,100.0,90.0,2.06,US,1619342017.0
553,ostrovnoy,68.0531,39.5131,2.13,98.0,100.0,3.9,RU,1619342017.0
554,luderitz,-26.6481,15.1594,19.77,67.0,98.0,1.64,NA,1619342017.0
555,flin flon,54.7682,-101.865,-5.29,69.0,100.0,2.07,CA,1619342017.0
556,sao miguel do araguaia,-13.275,-50.1628,21.41,79.0,98.0,1.9,BR,1619342017.0
557,ende,-8.8432,121.6623,26.81,82.0,38.0,2.99,ID,1619342017.0
558,jais,26.25,81.5333,38.23,8.0,77.0,6.42,IN,1619342017.0
559,mikkeli,61.6886,27.2723,3.0,93.0,90.0,3.6,FI,1619342018.0
560,haines junction,60.7522,-137.5108,-3.0,86.0,10.0,0.51,CA,1619342018.0
561,poya,-21.35,165.15,23.53,85.0,100.0,2.87,NC,1619342018.0
562,uvira,-3.4067,29.1458,25.33,80.0,98.0,0.87,CD,1619342018.0
563,tapejara,-28.0681,-52.0139,15.55,97.0,100.0,2.04,BR,1619342018.0
565,sao joao da barra,-21.6403,-41.0511,20.42,90.0,1.0,2.0,BR,1619342018.0
566,nantucket,41.2835,-70.0995,9.0,93.0,90.0,3.09,US,1619342019.0
567,poquoson,37.1224,-76.3458,16.67,100.0,90.0,3.6,US,1619342019.0
568,dhidhdhoo,6.8833,73.1,29.35,69.0,83.0,2.54,MV,1619342019.0
569,berlevag,70.8578,29.0864,0.54,72.0,100.0,7.27,NO,1619342019.0
570,lokachi,50.737,24.6494,8.33,51.0,100.0,2.73,UA,1619342019.0
571,kontagora,10.3999,5.4695,29.77,58.0,85.0,3.33,NG,1619342019.0
572,japura,-0.3167,102.35,30.89,63.0,79.0,1.54,ID,1619342019.0
573,santa cruz,-17.8,-63.1667,19.0,94.0,90.0,7.2,BO,1619342020.0
574,madimba,-10.4,40.3333,28.0,83.0,75.0,5.14,TZ,1619342020.0
575,noumea,-22.2763,166.4572,23.0,94.0,75.0,1.54,NC,1619341616.0
576,saint-donat-de-montcalm,46.3187,-74.2219,1.0,93.0,54.0,0.51,CA,1619342020.0
577,plakhtiyivka,46.1006,29.7217,12.84,51.0,91.0,4.44,UA,1619342020.0
578,vagamo,61.8751,9.0967,-0.05,67.0,16.0,3.55,NO,1619342020.0
579,hluti,-27.2167,31.6167,23.82,44.0,0.0,1.87,SZ,1619342020.0
580,emba,48.8264,58.1442,19.01,39.0,100.0,8.27,KZ,1619342021.0
581,buin,-33.7333,-70.75,15.56,87.0,0.0,1.45,CL,1619342021.0
583,impfondo,1.6381,18.0667,32.74,45.0,65.0,0.96,CG,1619342021.0
584,fort wellington,6.4,-57.6,24.86,87.0,100.0,4.24,GY,1619342021.0
585,kuantan,3.8077,103.326,34.0,62.0,40.0,1.54,MY,1619341811.0
586,ganzhou,28.8184,115.4327,16.46,93.0,100.0,2.28,CN,1619341770.0
587,leh,34.1667,77.5833,6.77,18.0,2.0,0.99,IN,1619342022.0
588,ust-maya,60.4167,134.5333,0.24,88.0,100.0,0.94,RU,1619342022.0
589,lagos,6.5833,3.75,29.0,84.0,40.0,1.54,NG,1619342022.0
590,venado tuerto,-33.7456,-61.9688,6.67,99.0,0.0,1.79,AR,1619342022.0
591,laguna,38.421,-121.4238,12.22,71.0,1.0,2.57,US,1619341839.0
593,beboto,8.2668,16.939,30.11,48.0,99.0,4.05,TD,1619342023.0
594,belomorsk,64.5232,34.7668,7.97,77.0,43.0,3.06,RU,1619342023.0
595,batagay-alyta,67.8006,130.4114,0.2,84.0,100.0,2.02,RU,1619342023.0
596,colares,38.7992,-9.4469,17.78,77.0,40.0,3.6,PT,1619342024.0
